<?xml version="1.0" encoding="utf-8"?><html><body>
		
			<p>nom : Lille Olympique Sporting Club Lille Metropole</p>
			<p>ville : Lille</p>
		
		
			<p>nom : Stade Rennais Football Club</p>
			<p>ville : Rennes</p>
		
		
			<p>nom : Olympique Lyonnais</p>
			<p>ville : Lyon</p>
		
		
			<p>nom : Olympique de Marseille</p>
			<p>ville : Marseille</p>
		
		
			<p>nom : Paris Saint-Germain Football Club</p>
			<p>ville : Paris</p>
		
		
			<p>nom : Montpellier Herault Sport Club</p>
			<p>ville : Montpellier</p>
		
		
			<p>nom : Association Sportive de Saint-Etienne</p>
			<p>ville : Saint Etienne</p>
		
		
			<p>nom : Girondins de Bordeaux</p>
			<p>ville : Bordeaux</p>
		
		
			<p>nom : Football Club Lorient</p>
			<p>ville : Lorient</p>
		
		
			<p>nom : Association sportive Monaco Football Club</p>
			<p>ville : Monaco</p>
		
		
			<p>nom : Olympique Gymnaste Club Nice Cote d'Azur</p>
			<p>ville : Nice</p>
		
		
			<p>nom : Stade de Reims</p>
			<p>ville : Reims</p>
		
		
			<p>nom : Sporting Club de Bastia</p>
			<p>ville : Bastia</p>
		
		
			<p>nom : Evian Thonon Gaillard Football Club</p>
			<p>ville : Evian</p>
		
		
			<p>nom : En Avant de Guingamp</p>
			<p>ville : Guingamp</p>
		
		
			<p>nom : Toulouse Football Club</p>
			<p>ville : Toulouse</p>
		
		
			<p>nom : Football Club de Nantes</p>
			<p>ville : Nantes</p>
		
		
			<p>nom : Stade Malherbe Caen</p>
			<p>ville : Caen</p>
		
		
			<p>nom : Racing Club de Lens</p>
			<p>ville : Lens</p>
		
		
			<p>nom : Football Club de Metz</p>
			<p>ville : Metz</p>
		
	</body></html>