<clubs xmlns:xsi="http://www.w3.org/2001/XMLSchema-instance">
   <club>
      <nom>Lille Olympique Sporting Club Lille Metropole</nom>
      <ville>Lille</ville>
      <recontres>
         <domicile>
            <rencotre>
               <club>Football Club de Metz</club>
               <score>0 0</score>
            </rencotre>
            <rencotre>
               <club>Football Club Lorient</club>
               <score>2 0</score>
            </rencotre>
            <rencotre>
               <club>Football Club de Nantes</club>
               <score>2 0</score>
            </rencotre>
            <rencotre>
               <club>Montpellier Herault Sport Club</club>
               <score>0 0</score>
            </rencotre>
            <rencotre>
               <club>Sporting Club de Bastia</club>
               <score>1 0</score>
            </rencotre>
            <rencotre>
               <club>En Avant de Guingamp</club>
               <score>1 2</score>
            </rencotre>
            <rencotre>
               <club>Association Sportive de Saint-Etienne</club>
               <score>1 1</score>
            </rencotre>
            <rencotre>
               <club>Evian Thonon Gaillard Football Club</club>
               <score>1 0</score>
            </rencotre>
            <rencotre>
               <club>Paris Saint-Germain Football Club</club>
               <score>1 1</score>
            </rencotre>
            <rencotre>
               <club>Toulouse Football Club</club>
               <score>3 0</score>
            </rencotre>
            <rencotre>
               <club>Stade Malherbe Caen</club>
               <score>1 0</score>
            </rencotre>
            <rencotre>
               <club>Association sportive Monaco Football Club</club>
               <score>0 1</score>
            </rencotre>
         </domicile>
      </recontres>
   </club>
   <club>
      <nom>Stade Rennais Football Club</nom>
      <ville>Rennes</ville>
      <recontres>
         <domicile>
            <rencotre>
               <club>Evian Thonon Gaillard Football Club</club>
               <score>6 2</score>
            </rencotre>
            <rencotre>
               <club>Paris Saint-Germain Football Club</club>
               <score>1 1</score>
            </rencotre>
            <rencotre>
               <club>Toulouse Football Club</club>
               <score>0 3</score>
            </rencotre>
            <rencotre>
               <club>Racing Club de Lens</club>
               <score>2 0</score>
            </rencotre>
            <rencotre>
               <club>Lille Olympique Sporting Club Lille Metropole</club>
               <score>2 0</score>
            </rencotre>
            <rencotre>
               <club>Football Club Lorient</club>
               <score>1 0</score>
            </rencotre>
            <rencotre>
               <club>Association sportive Monaco Football Club</club>
               <score>2 0</score>
            </rencotre>
            <rencotre>
               <club>Montpellier Herault Sport Club</club>
               <score>0 4</score>
            </rencotre>
            <rencotre>
               <club>Stade de Reims</club>
               <score>1 3</score>
            </rencotre>
            <rencotre>
               <club>Association Sportive de Saint-Etienne</club>
               <score>0 0</score>
            </rencotre>
            <rencotre>
               <club>Stade Malherbe Caen</club>
               <score>1 4</score>
            </rencotre>
         </domicile>
      </recontres>
   </club>
   <club>
      <nom>Olympique Lyonnais</nom>
      <ville>Lyon</ville>
      <recontres>
         <domicile>
            <rencotre>
               <club>Stade Rennais Football Club</club>
               <score>2 0</score>
            </rencotre>
            <rencotre>
               <club>Racing Club de Lens</club>
               <score>0 1</score>
            </rencotre>
            <rencotre>
               <club>Association sportive Monaco Football Club</club>
               <score>2 1</score>
            </rencotre>
            <rencotre>
               <club>Football Club Lorient</club>
               <score>4 0</score>
            </rencotre>
            <rencotre>
               <club>Lille Olympique Sporting Club Lille Metropole</club>
               <score>3 0</score>
            </rencotre>
            <rencotre>
               <club>Montpellier Herault Sport Club</club>
               <score>5 1</score>
            </rencotre>
            <rencotre>
               <club>Olympique de Marseille</club>
               <score>1 0</score>
            </rencotre>
            <rencotre>
               <club>En Avant de Guingamp</club>
               <score>3 1</score>
            </rencotre>
            <rencotre>
               <club>Stade de Reims</club>
               <score>2 1</score>
            </rencotre>
            <rencotre>
               <club>Stade Malherbe Caen</club>
               <score>3 0</score>
            </rencotre>
            <rencotre>
               <club>Toulouse Football Club</club>
               <score>3 0</score>
            </rencotre>
            <rencotre>
               <club>Football Club de Metz</club>
               <score>2 0</score>
            </rencotre>
         </domicile>
      </recontres>
   </club>
   <club>
      <nom>Olympique de Marseille</nom>
      <ville>Marseille</ville>
      <recontres>
         <domicile>
            <rencotre>
               <club>Montpellier Herault Sport Club</club>
               <score>0 2</score>
            </rencotre>
            <rencotre>
               <club>Olympique Gymnaste Club Nice Cote d'Azur</club>
               <score>4 0</score>
            </rencotre>
            <rencotre>
               <club>Stade Rennais Football Club</club>
               <score>3 0</score>
            </rencotre>
            <rencotre>
               <club>Association Sportive de Saint-Etienne</club>
               <score>2 1</score>
            </rencotre>
            <rencotre>
               <club>Toulouse Football Club</club>
               <score>2 0</score>
            </rencotre>
            <rencotre>
               <club>Racing Club de Lens</club>
               <score>2 1</score>
            </rencotre>
            <rencotre>
               <club>Girondins de Bordeaux</club>
               <score>3 1</score>
            </rencotre>
            <rencotre>
               <club>Football Club de Nantes</club>
               <score>2 0</score>
            </rencotre>
            <rencotre>
               <club>Football Club de Metz</club>
               <score>3 1</score>
            </rencotre>
            <rencotre>
               <club>Lille Olympique Sporting Club Lille Metropole</club>
               <score>2 1</score>
            </rencotre>
            <rencotre>
               <club>En Avant de Guingamp</club>
               <score>2 1</score>
            </rencotre>
            <rencotre>
               <club>Evian Thonon Gaillard Football Club</club>
               <score>1 0</score>
            </rencotre>
         </domicile>
      </recontres>
   </club>
   <club>
      <nom>Paris Saint-Germain Football Club</nom>
      <ville>Paris</ville>
      <recontres>
         <domicile>
            <rencotre>
               <club>Sporting Club de Bastia</club>
               <score>2 0</score>
            </rencotre>
            <rencotre>
               <club>Association Sportive de Saint-Etienne</club>
               <score>5 0</score>
            </rencotre>
            <rencotre>
               <club>Olympique Lyonnais</club>
               <score>1 1</score>
            </rencotre>
            <rencotre>
               <club>Association sportive Monaco Football Club</club>
               <score>1 1</score>
            </rencotre>
            <rencotre>
               <club>Girondins de Bordeaux</club>
               <score>3 0</score>
            </rencotre>
            <rencotre>
               <club>Olympique de Marseille</club>
               <score>2 0</score>
            </rencotre>
            <rencotre>
               <club>Olympique Gymnaste Club Nice Cote d'Azur</club>
               <score>1 0</score>
            </rencotre>
            <rencotre>
               <club>Football Club de Nantes</club>
               <score>2 1</score>
            </rencotre>
            <rencotre>
               <club>Montpellier Herault Sport Club</club>
               <score>0 0</score>
            </rencotre>
            <rencotre>
               <club>Evian Thonon Gaillard Football Club</club>
               <score>4 2</score>
            </rencotre>
            <rencotre>
               <club>Stade Rennais Football Club</club>
               <score>1 0</score>
            </rencotre>
         </domicile>
      </recontres>
   </club>
   <club>
      <nom>Montpellier Herault Sport Club</nom>
      <ville>Montpellier</ville>
      <recontres>
         <domicile>
            <rencotre>
               <club>Girondins de Bordeaux</club>
               <score>0 1</score>
            </rencotre>
            <rencotre>
               <club>Football Club de Metz</club>
               <score>2 0</score>
            </rencotre>
            <rencotre>
               <club>Football Club Lorient</club>
               <score>1 0</score>
            </rencotre>
            <rencotre>
               <club>Association sportive Monaco Football Club</club>
               <score>0 1</score>
            </rencotre>
            <rencotre>
               <club>En Avant de Guingamp</club>
               <score>2 1</score>
            </rencotre>
            <rencotre>
               <club>Evian Thonon Gaillard Football Club</club>
               <score>2 0</score>
            </rencotre>
            <rencotre>
               <club>Toulouse Football Club</club>
               <score>2 0</score>
            </rencotre>
            <rencotre>
               <club>Association Sportive de Saint-Etienne</club>
               <score>0 2</score>
            </rencotre>
            <rencotre>
               <club>Racing Club de Lens</club>
               <score>3 3</score>
            </rencotre>
            <rencotre>
               <club>Olympique de Marseille</club>
               <score>2 1</score>
            </rencotre>
            <rencotre>
               <club>Football Club de Nantes</club>
               <score>4 0</score>
            </rencotre>
         </domicile>
      </recontres>
   </club>
   <club>
      <nom>Association Sportive de Saint-Etienne</nom>
      <ville>Saint Etienne</ville>
      <recontres>
         <domicile>
            <rencotre>
               <club>Stade de Reims</club>
               <score>3 1</score>
            </rencotre>
            <rencotre>
               <club>Stade Rennais Football Club</club>
               <score>0 0</score>
            </rencotre>
            <rencotre>
               <club>Stade Malherbe Caen</club>
               <score>1 0</score>
            </rencotre>
            <rencotre>
               <club>Girondins de Bordeaux</club>
               <score>1 1</score>
            </rencotre>
            <rencotre>
               <club>Toulouse Football Club</club>
               <score>0 1</score>
            </rencotre>
            <rencotre>
               <club>Football Club de Metz</club>
               <score>1 0</score>
            </rencotre>
            <rencotre>
               <club>Association sportive Monaco Football Club</club>
               <score>1 1</score>
            </rencotre>
            <rencotre>
               <club>Olympique Lyonnais</club>
               <score>3 0</score>
            </rencotre>
            <rencotre>
               <club>Sporting Club de Bastia</club>
               <score>1 0</score>
            </rencotre>
            <rencotre>
               <club>Evian Thonon Gaillard Football Club</club>
               <score>3 0</score>
            </rencotre>
            <rencotre>
               <club>Paris Saint-Germain Football Club</club>
               <score>0 1</score>
            </rencotre>
         </domicile>
      </recontres>
   </club>
   <club>
      <nom>Girondins de Bordeaux</nom>
      <ville>Bordeaux</ville>
      <recontres>
         <domicile>
            <rencotre>
               <club>Association sportive Monaco Football Club</club>
               <score>4 1</score>
            </rencotre>
            <rencotre>
               <club>Sporting Club de Bastia</club>
               <score>1 1</score>
            </rencotre>
            <rencotre>
               <club>Evian Thonon Gaillard Football Club</club>
               <score>2 1</score>
            </rencotre>
            <rencotre>
               <club>Stade Rennais Football Club</club>
               <score>2 1</score>
            </rencotre>
            <rencotre>
               <club>Stade Malherbe Caen</club>
               <score>1 1</score>
            </rencotre>
            <rencotre>
               <club>Toulouse Football Club</club>
               <score>2 1</score>
            </rencotre>
            <rencotre>
               <club>Lille Olympique Sporting Club Lille Metropole</club>
               <score>1 0</score>
            </rencotre>
            <rencotre>
               <club>Football Club Lorient</club>
               <score>3 2</score>
            </rencotre>
            <rencotre>
               <club>Olympique Lyonnais</club>
               <score>0 5</score>
            </rencotre>
            <rencotre>
               <club>Olympique Gymnaste Club Nice Cote d'Azur</club>
               <score>1 2</score>
            </rencotre>
            <rencotre>
               <club>En Avant de Guingamp</club>
               <score>1 1</score>
            </rencotre>
         </domicile>
      </recontres>
   </club>
   <club>
      <nom>Football Club Lorient</nom>
      <ville>Lorient</ville>
      <recontres>
         <domicile>
            <rencotre>
               <club>Olympique Gymnaste Club Nice Cote d'Azur</club>
               <score>0 0</score>
            </rencotre>
            <rencotre>
               <club>En Avant de Guingamp</club>
               <score>4 0</score>
            </rencotre>
            <rencotre>
               <club>Stade de Reims</club>
               <score>0 1</score>
            </rencotre>
            <rencotre>
               <club>Evian Thonon Gaillard Football Club</club>
               <score>0 2</score>
            </rencotre>
            <rencotre>
               <club>Association Sportive de Saint-Etienne</club>
               <score>0 1</score>
            </rencotre>
            <rencotre>
               <club>Paris Saint-Germain Football Club</club>
               <score>1 2</score>
            </rencotre>
            <rencotre>
               <club>Racing Club de Lens</club>
               <score>1 0</score>
            </rencotre>
            <rencotre>
               <club>Olympique de Marseille</club>
               <score>1 1</score>
            </rencotre>
            <rencotre>
               <club>Football Club de Metz</club>
               <score>3 1</score>
            </rencotre>
            <rencotre>
               <club>Football Club de Nantes</club>
               <score>1 2</score>
            </rencotre>
            <rencotre>
               <club>Lille Olympique Sporting Club Lille Metropole</club>
               <score>1 0</score>
            </rencotre>
            <rencotre>
               <club>Montpellier Herault Sport Club</club>
               <score>0 0</score>
            </rencotre>
         </domicile>
      </recontres>
   </club>
   <club>
      <nom>Association sportive Monaco Football Club</nom>
      <ville>Monaco</ville>
      <recontres>
         <domicile>
            <rencotre>
               <club>Football Club Lorient</club>
               <score>1 2</score>
            </rencotre>
            <rencotre>
               <club>Lille Olympique Sporting Club Lille Metropole</club>
               <score>1 1</score>
            </rencotre>
            <rencotre>
               <club>En Avant de Guingamp</club>
               <score>1 0</score>
            </rencotre>
            <rencotre>
               <club>Olympique Gymnaste Club Nice Cote d'Azur</club>
               <score>0 1</score>
            </rencotre>
            <rencotre>
               <club>Evian Thonon Gaillard Football Club</club>
               <score>2 0</score>
            </rencotre>
            <rencotre>
               <club>Stade de Reims</club>
               <score>1 1</score>
            </rencotre>
            <rencotre>
               <club>Stade Malherbe Caen</club>
               <score>2 2</score>
            </rencotre>
            <rencotre>
               <club>Racing Club de Lens</club>
               <score>2 0</score>
            </rencotre>
            <rencotre>
               <club>Olympique de Marseille</club>
               <score>1 0</score>
            </rencotre>
            <rencotre>
               <club>Girondins de Bordeaux</club>
               <score>0 0</score>
            </rencotre>
            <rencotre>
               <club>Football Club de Nantes</club>
               <score>1 0</score>
            </rencotre>
            <rencotre>
               <club>Olympique Lyonnais</club>
               <score>0 0</score>
            </rencotre>
         </domicile>
      </recontres>
   </club>
   <club>
      <nom>Olympique Gymnaste Club Nice Cote d'Azur</nom>
      <ville>Nice</ville>
      <recontres>
         <domicile>
            <rencotre>
               <club>Toulouse Football Club</club>
               <score>3 2</score>
            </rencotre>
            <rencotre>
               <club>Girondins de Bordeaux</club>
               <score>1 3</score>
            </rencotre>
            <rencotre>
               <club>Football Club de Metz</club>
               <score>1 0</score>
            </rencotre>
            <rencotre>
               <club>Lille Olympique Sporting Club Lille Metropole</club>
               <score>1 0</score>
            </rencotre>
            <rencotre>
               <club>Montpellier Herault Sport Club</club>
               <score>1 1</score>
            </rencotre>
            <rencotre>
               <club>Sporting Club de Bastia</club>
               <score>0 1</score>
            </rencotre>
            <rencotre>
               <club>Olympique Lyonnais</club>
               <score>1 3</score>
            </rencotre>
            <rencotre>
               <club>Stade de Reims</club>
               <score>0 0</score>
            </rencotre>
            <rencotre>
               <club>Stade Rennais Football Club</club>
               <score>1 2</score>
            </rencotre>
            <rencotre>
               <club>Association Sportive de Saint-Etienne</club>
               <score>0 0</score>
            </rencotre>
            <rencotre>
               <club>Football Club Lorient</club>
               <score>3 1</score>
            </rencotre>
            <rencotre>
               <club>Olympique de Marseille</club>
               <score>2 1</score>
            </rencotre>
         </domicile>
      </recontres>
   </club>
   <club>
      <nom>Stade de Reims</nom>
      <ville>Reims</ville>
      <recontres>
         <domicile>
            <rencotre>
               <club>Paris Saint-Germain Football Club</club>
               <score>2 2</score>
            </rencotre>
            <rencotre>
               <club>Stade Malherbe Caen</club>
               <score>0 2</score>
            </rencotre>
            <rencotre>
               <club>Toulouse Football Club</club>
               <score>2 0</score>
            </rencotre>
            <rencotre>
               <club>Olympique de Marseille</club>
               <score>0 5</score>
            </rencotre>
            <rencotre>
               <club>Girondins de Bordeaux</club>
               <score>1 0</score>
            </rencotre>
            <rencotre>
               <club>Montpellier Herault Sport Club</club>
               <score>1 0</score>
            </rencotre>
            <rencotre>
               <club>Lille Olympique Sporting Club Lille Metropole</club>
               <score>2 0</score>
            </rencotre>
            <rencotre>
               <club>Sporting Club de Bastia</club>
               <score>2 1</score>
            </rencotre>
            <rencotre>
               <club>En Avant de Guingamp</club>
               <score>2 3</score>
            </rencotre>
            <rencotre>
               <club>Evian Thonon Gaillard Football Club</club>
               <score>3 2</score>
            </rencotre>
            <rencotre>
               <club>Association Sportive de Saint-Etienne</club>
               <score>1 2</score>
            </rencotre>
            <rencotre>
               <club>Racing Club de Lens</club>
               <score>0 0</score>
            </rencotre>
         </domicile>
      </recontres>
   </club>
   <club>
      <nom>Sporting Club de Bastia</nom>
      <ville>Bastia</ville>
      <recontres>
         <domicile>
            <rencotre>
               <club>Olympique de Marseille</club>
               <score>3 3</score>
            </rencotre>
            <rencotre>
               <club>Toulouse Football Club</club>
               <score>1 0</score>
            </rencotre>
            <rencotre>
               <club>Racing Club de Lens</club>
               <score>1 1</score>
            </rencotre>
            <rencotre>
               <club>Football Club de Nantes</club>
               <score>0 0</score>
            </rencotre>
            <rencotre>
               <club>Football Club Lorient</club>
               <score>0 2</score>
            </rencotre>
            <rencotre>
               <club>Association sportive Monaco Football Club</club>
               <score>1 3</score>
            </rencotre>
            <rencotre>
               <club>Montpellier Herault Sport Club</club>
               <score>2 0</score>
            </rencotre>
            <rencotre>
               <club>Olympique Lyonnais</club>
               <score>0 0</score>
            </rencotre>
            <rencotre>
               <club>Evian Thonon Gaillard Football Club</club>
               <score>1 2</score>
            </rencotre>
            <rencotre>
               <club>Stade Rennais Football Club</club>
               <score>2 0</score>
            </rencotre>
            <rencotre>
               <club>Paris Saint-Germain Football Club</club>
               <score>4 2</score>
            </rencotre>
            <rencotre>
               <club>Girondins de Bordeaux</club>
               <score>0 0</score>
            </rencotre>
         </domicile>
      </recontres>
   </club>
   <club>
      <nom>Evian Thonon Gaillard Football Club</nom>
      <ville>Evian</ville>
      <recontres>
         <domicile>
            <rencotre>
               <club>Stade Malherbe Caen</club>
               <score>0 3</score>
            </rencotre>
            <rencotre>
               <club>Paris Saint-Germain Football Club</club>
               <score>0 0</score>
            </rencotre>
            <rencotre>
               <club>Olympique de Marseille</club>
               <score>1 3</score>
            </rencotre>
            <rencotre>
               <club>Racing Club de Lens</club>
               <score>2 1</score>
            </rencotre>
            <rencotre>
               <club>Football Club de Metz</club>
               <score>3 0</score>
            </rencotre>
            <rencotre>
               <club>Football Club de Nantes</club>
               <score>0 2</score>
            </rencotre>
            <rencotre>
               <club>Olympique Gymnaste Club Nice Cote d'Azur</club>
               <score>1 0</score>
            </rencotre>
            <rencotre>
               <club>En Avant de Guingamp</club>
               <score>2 0</score>
            </rencotre>
            <rencotre>
               <club>Olympique Lyonnais</club>
               <score>2 3</score>
            </rencotre>
            <rencotre>
               <club>Stade Rennais Football Club</club>
               <score>1 1</score>
            </rencotre>
            <rencotre>
               <club>Toulouse Football Club</club>
               <score>1 0</score>
            </rencotre>
         </domicile>
      </recontres>
   </club>
   <club>
      <nom>En Avant de Guingamp</nom>
      <ville>Guingamp</ville>
      <recontres>
         <domicile>
            <rencotre>
               <club>Association Sportive de Saint-Etienne</club>
               <score>0 2</score>
            </rencotre>
            <rencotre>
               <club>Olympique de Marseille</club>
               <score>0 1</score>
            </rencotre>
            <rencotre>
               <club>Girondins de Bordeaux</club>
               <score>2 1</score>
            </rencotre>
            <rencotre>
               <club>Football Club de Metz</club>
               <score>0 1</score>
            </rencotre>
            <rencotre>
               <club>Football Club de Nantes</club>
               <score>0 1</score>
            </rencotre>
            <rencotre>
               <club>Olympique Gymnaste Club Nice Cote d'Azur</club>
               <score>2 7</score>
            </rencotre>
            <rencotre>
               <club>Sporting Club de Bastia</club>
               <score>1 0</score>
            </rencotre>
            <rencotre>
               <club>Stade Rennais Football Club</club>
               <score>0 1</score>
            </rencotre>
            <rencotre>
               <club>Stade Malherbe Caen</club>
               <score>5 1</score>
            </rencotre>
            <rencotre>
               <club>Paris Saint-Germain Football Club</club>
               <score>1 0</score>
            </rencotre>
            <rencotre>
               <club>Racing Club de Lens</club>
               <score>2 0</score>
            </rencotre>
            <rencotre>
               <club>Football Club Lorient</club>
               <score>3 2</score>
            </rencotre>
         </domicile>
      </recontres>
   </club>
   <club>
      <nom>Toulouse Football Club</nom>
      <ville>Toulouse</ville>
      <recontres>
         <domicile>
            <rencotre>
               <club>Olympique Lyonnais</club>
               <score>2 1</score>
            </rencotre>
            <rencotre>
               <club>Evian Thonon Gaillard Football Club</club>
               <score>1 0</score>
            </rencotre>
            <rencotre>
               <club>Stade Malherbe Caen</club>
               <score>3 3</score>
            </rencotre>
            <rencotre>
               <club>Paris Saint-Germain Football Club</club>
               <score>1 1</score>
            </rencotre>
            <rencotre>
               <club>Racing Club de Lens</club>
               <score>0 2</score>
            </rencotre>
            <rencotre>
               <club>Football Club de Metz</club>
               <score>3 0</score>
            </rencotre>
            <rencotre>
               <club>Football Club Lorient</club>
               <score>2 3</score>
            </rencotre>
            <rencotre>
               <club>Association sportive Monaco Football Club</club>
               <score>0 2</score>
            </rencotre>
            <rencotre>
               <club>En Avant de Guingamp</club>
               <score>1 1</score>
            </rencotre>
            <rencotre>
               <club>Sporting Club de Bastia</club>
               <score>1 1</score>
            </rencotre>
            <rencotre>
               <club>Stade de Reims</club>
               <score>1 0</score>
            </rencotre>
         </domicile>
      </recontres>
   </club>
   <club>
      <nom>Football Club de Nantes</nom>
      <ville>Nantes</ville>
      <recontres>
         <domicile>
            <rencotre>
               <club>Racing Club de Lens</club>
               <score>1 0</score>
            </rencotre>
            <rencotre>
               <club>Association sportive Monaco Football Club</club>
               <score>0 1</score>
            </rencotre>
            <rencotre>
               <club>Montpellier Herault Sport Club</club>
               <score>1 0</score>
            </rencotre>
            <rencotre>
               <club>Olympique Gymnaste Club Nice Cote d'Azur</club>
               <score>2 1</score>
            </rencotre>
            <rencotre>
               <club>Olympique Lyonnais</club>
               <score>1 1</score>
            </rencotre>
            <rencotre>
               <club>Stade de Reims</club>
               <score>1 1</score>
            </rencotre>
            <rencotre>
               <club>Stade Rennais Football Club</club>
               <score>1 1</score>
            </rencotre>
            <rencotre>
               <club>Association Sportive de Saint-Etienne</club>
               <score>0 0</score>
            </rencotre>
            <rencotre>
               <club>Toulouse Football Club</club>
               <score>1 2</score>
            </rencotre>
            <rencotre>
               <club>Girondins de Bordeaux</club>
               <score>2 1</score>
            </rencotre>
            <rencotre>
               <club>Football Club de Metz</club>
               <score>0 0</score>
            </rencotre>
            <rencotre>
               <club>Lille Olympique Sporting Club Lille Metropole</club>
               <score>1 1</score>
            </rencotre>
         </domicile>
      </recontres>
   </club>
   <club>
      <nom>Stade Malherbe Caen</nom>
      <ville>Caen</ville>
      <recontres>
         <domicile>
            <rencotre>
               <club>Lille Olympique Sporting Club Lille Metropole</club>
               <score>0 1</score>
            </rencotre>
            <rencotre>
               <club>Stade Rennais Football Club</club>
               <score>0 1</score>
            </rencotre>
            <rencotre>
               <club>Paris Saint-Germain Football Club</club>
               <score>0 2</score>
            </rencotre>
            <rencotre>
               <club>Olympique de Marseille</club>
               <score>1 2</score>
            </rencotre>
            <rencotre>
               <club>Football Club Lorient</club>
               <score>2 1</score>
            </rencotre>
            <rencotre>
               <club>Football Club de Nantes</club>
               <score>1 2</score>
            </rencotre>
            <rencotre>
               <club>Montpellier Herault Sport Club</club>
               <score>1 1</score>
            </rencotre>
            <rencotre>
               <club>Olympique Gymnaste Club Nice Cote d'Azur</club>
               <score>2 3</score>
            </rencotre>
            <rencotre>
               <club>Sporting Club de Bastia</club>
               <score>1 1</score>
            </rencotre>
            <rencotre>
               <club>Stade de Reims</club>
               <score>4 1</score>
            </rencotre>
            <rencotre>
               <club>Association Sportive de Saint-Etienne</club>
               <score>1 0</score>
            </rencotre>
         </domicile>
      </recontres>
   </club>
   <club>
      <nom>Racing Club de Lens</nom>
      <ville>Lens</ville>
      <recontres>
         <domicile>
            <rencotre>
               <club>En Avant de Guingamp</club>
               <score>0 1</score>
            </rencotre>
            <rencotre>
               <club>Stade de Reims</club>
               <score>4 2</score>
            </rencotre>
            <rencotre>
               <club>Association Sportive de Saint-Etienne</club>
               <score>0 1</score>
            </rencotre>
            <rencotre>
               <club>Stade Malherbe Caen</club>
               <score>0 0</score>
            </rencotre>
            <rencotre>
               <club>Paris Saint-Germain Football Club</club>
               <score>1 3</score>
            </rencotre>
            <rencotre>
               <club>Girondins de Bordeaux</club>
               <score>1 2</score>
            </rencotre>
            <rencotre>
               <club>Football Club de Metz</club>
               <score>2 0</score>
            </rencotre>
            <rencotre>
               <club>Lille Olympique Sporting Club Lille Metropole</club>
               <score>1 1</score>
            </rencotre>
            <rencotre>
               <club>Olympique Gymnaste Club Nice Cote d'Azur</club>
               <score>2 0</score>
            </rencotre>
            <rencotre>
               <club>Olympique Lyonnais</club>
               <score>0 2</score>
            </rencotre>
            <rencotre>
               <club>Sporting Club de Bastia</club>
               <score>1 1</score>
            </rencotre>
         </domicile>
      </recontres>
   </club>
   <club>
      <nom>Football Club de Metz</nom>
      <ville>Metz</ville>
      <recontres>
         <domicile>
            <rencotre>
               <club>Football Club de Nantes</club>
               <score>1 1</score>
            </rencotre>
            <rencotre>
               <club>Olympique Lyonnais</club>
               <score>2 1</score>
            </rencotre>
            <rencotre>
               <club>Sporting Club de Bastia</club>
               <score>3 1</score>
            </rencotre>
            <rencotre>
               <club>Stade de Reims</club>
               <score>3 0</score>
            </rencotre>
            <rencotre>
               <club>Stade Rennais Football Club</club>
               <score>0 0</score>
            </rencotre>
            <rencotre>
               <club>Stade Malherbe Caen</club>
               <score>3 2</score>
            </rencotre>
            <rencotre>
               <club>Paris Saint-Germain Football Club</club>
               <score>2 3</score>
            </rencotre>
            <rencotre>
               <club>Girondins de Bordeaux</club>
               <score>0 0</score>
            </rencotre>
            <rencotre>
               <club>Association sportive Monaco Football Club</club>
               <score>0 1</score>
            </rencotre>
            <rencotre>
               <club>Montpellier Herault Sport Club</club>
               <score>2 3</score>
            </rencotre>
            <rencotre>
               <club>Olympique Gymnaste Club Nice Cote d'Azur</club>
               <score>0 0</score>
            </rencotre>
         </domicile>
      </recontres>
   </club>
</clubs>