<clubs xmlns:xsi="http://www.w3.org/2001/XMLSchema-instance">
   <club id="LOSC">
      <nom>Lille Olympique Sporting Club Lille Metropole</nom>
      <ville>Lille</ville>
      <recontres>
         <domicile>
            <rencotre num="1">
               <club>Football Club de Metz</club>
               <score>0 0</score>
            </rencotre>
            <rencotre num="3">
               <club>Football Club Lorient</club>
               <score>2 0</score>
            </rencotre>
            <rencotre num="5">
               <club>Football Club de Nantes</club>
               <score>2 0</score>
            </rencotre>
            <rencotre num="6">
               <club>Montpellier Herault Sport Club</club>
               <score>0 0</score>
            </rencotre>
            <rencotre num="8">
               <club>Sporting Club de Bastia</club>
               <score>1 0</score>
            </rencotre>
            <rencotre num="10">
               <club>En Avant de Guingamp</club>
               <score>1 2</score>
            </rencotre>
            <rencotre num="12">
               <club>Association Sportive de Saint-Etienne</club>
               <score>1 1</score>
            </rencotre>
            <rencotre num="14">
               <club>Evian Thonon Gaillard Football Club</club>
               <score>1 0</score>
            </rencotre>
            <rencotre num="16">
               <club>Paris Saint-Germain Football Club</club>
               <score>1 1</score>
            </rencotre>
            <rencotre num="18">
               <club>Toulouse Football Club</club>
               <score>3 0</score>
            </rencotre>
            <rencotre num="20">
               <club>Stade Malherbe Caen</club>
               <score>1 0</score>
            </rencotre>
            <rencotre num="22">
               <club>Association sportive Monaco Football Club</club>
               <score>0 1</score>
            </rencotre>
         </domicile>
      </recontres>
   </club>
   <club id="SRFC">
      <nom>Stade Rennais Football Club</nom>
      <ville>Rennes</ville>
      <recontres>
         <domicile>
            <rencotre num="2">
               <club>Evian Thonon Gaillard Football Club</club>
               <score>6 2</score>
            </rencotre>
            <rencotre num="5">
               <club>Paris Saint-Germain Football Club</club>
               <score>1 1</score>
            </rencotre>
            <rencotre num="7">
               <club>Toulouse Football Club</club>
               <score>0 3</score>
            </rencotre>
            <rencotre num="9">
               <club>Racing Club de Lens</club>
               <score>2 0</score>
            </rencotre>
            <rencotre num="11">
               <club>Lille Olympique Sporting Club Lille Metropole</club>
               <score>2 0</score>
            </rencotre>
            <rencotre num="13">
               <club>Football Club Lorient</club>
               <score>1 0</score>
            </rencotre>
            <rencotre num="15">
               <club>Association sportive Monaco Football Club</club>
               <score>2 0</score>
            </rencotre>
            <rencotre num="17">
               <club>Montpellier Herault Sport Club</club>
               <score>0 4</score>
            </rencotre>
            <rencotre num="19">
               <club>Stade de Reims</club>
               <score>1 3</score>
            </rencotre>
            <rencotre num="21">
               <club>Association Sportive de Saint-Etienne</club>
               <score>0 0</score>
            </rencotre>
            <rencotre num="22">
               <club>Stade Malherbe Caen</club>
               <score>1 4</score>
            </rencotre>
         </domicile>
      </recontres>
   </club>
   <club id="OL">
      <nom>Olympique Lyonnais</nom>
      <ville>Lyon</ville>
      <recontres>
         <domicile>
            <rencotre num="1">
               <club>Stade Rennais Football Club</club>
               <score>2 0</score>
            </rencotre>
            <rencotre num="3">
               <club>Racing Club de Lens</club>
               <score>0 1</score>
            </rencotre>
            <rencotre num="5">
               <club>Association sportive Monaco Football Club</club>
               <score>2 1</score>
            </rencotre>
            <rencotre num="7">
               <club>Football Club Lorient</club>
               <score>4 0</score>
            </rencotre>
            <rencotre num="9">
               <club>Lille Olympique Sporting Club Lille Metropole</club>
               <score>3 0</score>
            </rencotre>
            <rencotre num="10">
               <club>Montpellier Herault Sport Club</club>
               <score>5 1</score>
            </rencotre>
            <rencotre num="11">
               <club>Olympique de Marseille</club>
               <score>1 0</score>
            </rencotre>
            <rencotre num="13">
               <club>En Avant de Guingamp</club>
               <score>3 1</score>
            </rencotre>
            <rencotre num="16">
               <club>Stade de Reims</club>
               <score>2 1</score>
            </rencotre>
            <rencotre num="18">
               <club>Stade Malherbe Caen</club>
               <score>3 0</score>
            </rencotre>
            <rencotre num="20">
               <club>Toulouse Football Club</club>
               <score>3 0</score>
            </rencotre>
            <rencotre num="22">
               <club>Football Club de Metz</club>
               <score>2 0</score>
            </rencotre>
         </domicile>
      </recontres>
   </club>
   <club id="OM">
      <nom>Olympique de Marseille</nom>
      <ville>Marseille</ville>
      <recontres>
         <domicile>
            <rencotre num="2">
               <club>Montpellier Herault Sport Club</club>
               <score>0 2</score>
            </rencotre>
            <rencotre num="4">
               <club>Olympique Gymnaste Club Nice Cote d'Azur</club>
               <score>4 0</score>
            </rencotre>
            <rencotre num="6">
               <club>Stade Rennais Football Club</club>
               <score>3 0</score>
            </rencotre>
            <rencotre num="8">
               <club>Association Sportive de Saint-Etienne</club>
               <score>2 1</score>
            </rencotre>
            <rencotre num="10">
               <club>Toulouse Football Club</club>
               <score>2 0</score>
            </rencotre>
            <rencotre num="12">
               <club>Racing Club de Lens</club>
               <score>2 1</score>
            </rencotre>
            <rencotre num="14">
               <club>Girondins de Bordeaux</club>
               <score>3 1</score>
            </rencotre>
            <rencotre num="15">
               <club>Football Club de Nantes</club>
               <score>2 0</score>
            </rencotre>
            <rencotre num="17">
               <club>Football Club de Metz</club>
               <score>3 1</score>
            </rencotre>
            <rencotre num="19">
               <club>Lille Olympique Sporting Club Lille Metropole</club>
               <score>2 1</score>
            </rencotre>
            <rencotre num="21">
               <club>En Avant de Guingamp</club>
               <score>2 1</score>
            </rencotre>
            <rencotre num="23">
               <club>Evian Thonon Gaillard Football Club</club>
               <score>1 0</score>
            </rencotre>
         </domicile>
      </recontres>
   </club>
   <club id="PSG">
      <nom>Paris Saint-Germain Football Club</nom>
      <ville>Paris</ville>
      <recontres>
         <domicile>
            <rencotre num="2">
               <club>Sporting Club de Bastia</club>
               <score>2 0</score>
            </rencotre>
            <rencotre num="4">
               <club>Association Sportive de Saint-Etienne</club>
               <score>5 0</score>
            </rencotre>
            <rencotre num="6">
               <club>Olympique Lyonnais</club>
               <score>1 1</score>
            </rencotre>
            <rencotre num="9">
               <club>Association sportive Monaco Football Club</club>
               <score>1 1</score>
            </rencotre>
            <rencotre num="11">
               <club>Girondins de Bordeaux</club>
               <score>3 0</score>
            </rencotre>
            <rencotre num="13">
               <club>Olympique de Marseille</club>
               <score>2 0</score>
            </rencotre>
            <rencotre num="15">
               <club>Olympique Gymnaste Club Nice Cote d'Azur</club>
               <score>1 0</score>
            </rencotre>
            <rencotre num="17">
               <club>Football Club de Nantes</club>
               <score>2 1</score>
            </rencotre>
            <rencotre num="19">
               <club>Montpellier Herault Sport Club</club>
               <score>0 0</score>
            </rencotre>
            <rencotre num="21">
               <club>Evian Thonon Gaillard Football Club</club>
               <score>4 2</score>
            </rencotre>
            <rencotre num="23">
               <club>Stade Rennais Football Club</club>
               <score>1 0</score>
            </rencotre>
         </domicile>
      </recontres>
   </club>
   <club id="MHSC">
      <nom>Montpellier Herault Sport Club</nom>
      <ville>Montpellier</ville>
      <recontres>
         <domicile>
            <rencotre num="1">
               <club>Girondins de Bordeaux</club>
               <score>0 1</score>
            </rencotre>
            <rencotre num="3">
               <club>Football Club de Metz</club>
               <score>2 0</score>
            </rencotre>
            <rencotre num="5">
               <club>Football Club Lorient</club>
               <score>1 0</score>
            </rencotre>
            <rencotre num="7">
               <club>Association sportive Monaco Football Club</club>
               <score>0 1</score>
            </rencotre>
            <rencotre num="8">
               <club>En Avant de Guingamp</club>
               <score>2 1</score>
            </rencotre>
            <rencotre num="12">
               <club>Evian Thonon Gaillard Football Club</club>
               <score>2 0</score>
            </rencotre>
            <rencotre num="14">
               <club>Toulouse Football Club</club>
               <score>2 0</score>
            </rencotre>
            <rencotre num="16">
               <club>Association Sportive de Saint-Etienne</club>
               <score>0 2</score>
            </rencotre>
            <rencotre num="18">
               <club>Racing Club de Lens</club>
               <score>3 3</score>
            </rencotre>
            <rencotre num="20">
               <club>Olympique de Marseille</club>
               <score>2 1</score>
            </rencotre>
            <rencotre num="22">
               <club>Football Club de Nantes</club>
               <score>4 0</score>
            </rencotre>
         </domicile>
      </recontres>
   </club>
   <club id="ASSE">
      <nom>Association Sportive de Saint-Etienne</nom>
      <ville>Saint Etienne</ville>
      <recontres>
         <domicile>
            <rencotre num="2">
               <club>Stade de Reims</club>
               <score>3 1</score>
            </rencotre>
            <rencotre num="3">
               <club>Stade Rennais Football Club</club>
               <score>0 0</score>
            </rencotre>
            <rencotre num="5">
               <club>Stade Malherbe Caen</club>
               <score>1 0</score>
            </rencotre>
            <rencotre num="7">
               <club>Girondins de Bordeaux</club>
               <score>1 1</score>
            </rencotre>
            <rencotre num="9">
               <club>Toulouse Football Club</club>
               <score>0 1</score>
            </rencotre>
            <rencotre num="11">
               <club>Football Club de Metz</club>
               <score>1 0</score>
            </rencotre>
            <rencotre num="13">
               <club>Association sportive Monaco Football Club</club>
               <score>1 1</score>
            </rencotre>
            <rencotre num="15">
               <club>Olympique Lyonnais</club>
               <score>3 0</score>
            </rencotre>
            <rencotre num="17">
               <club>Sporting Club de Bastia</club>
               <score>1 0</score>
            </rencotre>
            <rencotre num="19">
               <club>Evian Thonon Gaillard Football Club</club>
               <score>3 0</score>
            </rencotre>
            <rencotre num="22">
               <club>Paris Saint-Germain Football Club</club>
               <score>0 1</score>
            </rencotre>
         </domicile>
      </recontres>
   </club>
   <club id="GB">
      <nom>Girondins de Bordeaux</nom>
      <ville>Bordeaux</ville>
      <recontres>
         <domicile>
            <rencotre num="2">
               <club>Association sportive Monaco Football Club</club>
               <score>4 1</score>
            </rencotre>
            <rencotre num="4">
               <club>Sporting Club de Bastia</club>
               <score>1 1</score>
            </rencotre>
            <rencotre num="6">
               <club>Evian Thonon Gaillard Football Club</club>
               <score>2 1</score>
            </rencotre>
            <rencotre num="8">
               <club>Stade Rennais Football Club</club>
               <score>2 1</score>
            </rencotre>
            <rencotre num="10">
               <club>Stade Malherbe Caen</club>
               <score>1 1</score>
            </rencotre>
            <rencotre num="12">
               <club>Toulouse Football Club</club>
               <score>2 1</score>
            </rencotre>
            <rencotre num="15">
               <club>Lille Olympique Sporting Club Lille Metropole</club>
               <score>1 0</score>
            </rencotre>
            <rencotre num="17">
               <club>Football Club Lorient</club>
               <score>3 2</score>
            </rencotre>
            <rencotre num="19">
               <club>Olympique Lyonnais</club>
               <score>0 5</score>
            </rencotre>
            <rencotre num="21">
               <club>Olympique Gymnaste Club Nice Cote d'Azur</club>
               <score>1 2</score>
            </rencotre>
            <rencotre num="23">
               <club>En Avant de Guingamp</club>
               <score>1 1</score>
            </rencotre>
         </domicile>
      </recontres>
   </club>
   <club id="FCL">
      <nom>Football Club Lorient</nom>
      <ville>Lorient</ville>
      <recontres>
         <domicile>
            <rencotre num="2">
               <club>Olympique Gymnaste Club Nice Cote d'Azur</club>
               <score>0 0</score>
            </rencotre>
            <rencotre num="4">
               <club>En Avant de Guingamp</club>
               <score>4 0</score>
            </rencotre>
            <rencotre num="6">
               <club>Stade de Reims</club>
               <score>0 1</score>
            </rencotre>
            <rencotre num="8">
               <club>Evian Thonon Gaillard Football Club</club>
               <score>0 2</score>
            </rencotre>
            <rencotre num="10">
               <club>Association Sportive de Saint-Etienne</club>
               <score>0 1</score>
            </rencotre>
            <rencotre num="12">
               <club>Paris Saint-Germain Football Club</club>
               <score>1 2</score>
            </rencotre>
            <rencotre num="14">
               <club>Racing Club de Lens</club>
               <score>1 0</score>
            </rencotre>
            <rencotre num="16">
               <club>Olympique de Marseille</club>
               <score>1 1</score>
            </rencotre>
            <rencotre num="18">
               <club>Football Club de Metz</club>
               <score>3 1</score>
            </rencotre>
            <rencotre num="19">
               <club>Football Club de Nantes</club>
               <score>1 2</score>
            </rencotre>
            <rencotre num="21">
               <club>Lille Olympique Sporting Club Lille Metropole</club>
               <score>1 0</score>
            </rencotre>
            <rencotre num="23">
               <club>Montpellier Herault Sport Club</club>
               <score>0 0</score>
            </rencotre>
         </domicile>
      </recontres>
   </club>
   <club id="ASMFC">
      <nom>Association sportive Monaco Football Club</nom>
      <ville>Monaco</ville>
      <recontres>
         <domicile>
            <rencotre num="1">
               <club>Football Club Lorient</club>
               <score>1 2</score>
            </rencotre>
            <rencotre num="4">
               <club>Lille Olympique Sporting Club Lille Metropole</club>
               <score>1 1</score>
            </rencotre>
            <rencotre num="6">
               <club>En Avant de Guingamp</club>
               <score>1 0</score>
            </rencotre>
            <rencotre num="8">
               <club>Olympique Gymnaste Club Nice Cote d'Azur</club>
               <score>0 1</score>
            </rencotre>
            <rencotre num="10">
               <club>Evian Thonon Gaillard Football Club</club>
               <score>2 0</score>
            </rencotre>
            <rencotre num="12">
               <club>Stade de Reims</club>
               <score>1 1</score>
            </rencotre>
            <rencotre num="14">
               <club>Stade Malherbe Caen</club>
               <score>2 2</score>
            </rencotre>
            <rencotre num="16">
               <club>Racing Club de Lens</club>
               <score>2 0</score>
            </rencotre>
            <rencotre num="18">
               <club>Olympique de Marseille</club>
               <score>1 0</score>
            </rencotre>
            <rencotre num="20">
               <club>Girondins de Bordeaux</club>
               <score>0 0</score>
            </rencotre>
            <rencotre num="21">
               <club>Football Club de Nantes</club>
               <score>1 0</score>
            </rencotre>
            <rencotre num="23">
               <club>Olympique Lyonnais</club>
               <score>0 0</score>
            </rencotre>
         </domicile>
      </recontres>
   </club>
   <club id="OGCN">
      <nom>Olympique Gymnaste Club Nice Cote d'Azur</nom>
      <ville>Nice</ville>
      <recontres>
         <domicile>
            <rencotre num="1">
               <club>Toulouse Football Club</club>
               <score>3 2</score>
            </rencotre>
            <rencotre num="3">
               <club>Girondins de Bordeaux</club>
               <score>1 3</score>
            </rencotre>
            <rencotre num="5">
               <club>Football Club de Metz</club>
               <score>1 0</score>
            </rencotre>
            <rencotre num="7">
               <club>Lille Olympique Sporting Club Lille Metropole</club>
               <score>1 0</score>
            </rencotre>
            <rencotre num="9">
               <club>Montpellier Herault Sport Club</club>
               <score>1 1</score>
            </rencotre>
            <rencotre num="10">
               <club>Sporting Club de Bastia</club>
               <score>0 1</score>
            </rencotre>
            <rencotre num="12">
               <club>Olympique Lyonnais</club>
               <score>1 3</score>
            </rencotre>
            <rencotre num="14">
               <club>Stade de Reims</club>
               <score>0 0</score>
            </rencotre>
            <rencotre num="16">
               <club>Stade Rennais Football Club</club>
               <score>1 2</score>
            </rencotre>
            <rencotre num="18">
               <club>Association Sportive de Saint-Etienne</club>
               <score>0 0</score>
            </rencotre>
            <rencotre num="20">
               <club>Football Club Lorient</club>
               <score>3 1</score>
            </rencotre>
            <rencotre num="22">
               <club>Olympique de Marseille</club>
               <score>2 1</score>
            </rencotre>
         </domicile>
      </recontres>
   </club>
   <club id="SR">
      <nom>Stade de Reims</nom>
      <ville>Reims</ville>
      <recontres>
         <domicile>
            <rencotre num="1">
               <club>Paris Saint-Germain Football Club</club>
               <score>2 2</score>
            </rencotre>
            <rencotre num="3">
               <club>Stade Malherbe Caen</club>
               <score>0 2</score>
            </rencotre>
            <rencotre num="5">
               <club>Toulouse Football Club</club>
               <score>2 0</score>
            </rencotre>
            <rencotre num="7">
               <club>Olympique de Marseille</club>
               <score>0 5</score>
            </rencotre>
            <rencotre num="9">
               <club>Girondins de Bordeaux</club>
               <score>1 0</score>
            </rencotre>
            <rencotre num="11">
               <club>Montpellier Herault Sport Club</club>
               <score>1 0</score>
            </rencotre>
            <rencotre num="13">
               <club>Lille Olympique Sporting Club Lille Metropole</club>
               <score>2 0</score>
            </rencotre>
            <rencotre num="15">
               <club>Sporting Club de Bastia</club>
               <score>2 1</score>
            </rencotre>
            <rencotre num="17">
               <club>En Avant de Guingamp</club>
               <score>2 3</score>
            </rencotre>
            <rencotre num="18">
               <club>Evian Thonon Gaillard Football Club</club>
               <score>3 2</score>
            </rencotre>
            <rencotre num="20">
               <club>Association Sportive de Saint-Etienne</club>
               <score>1 2</score>
            </rencotre>
            <rencotre num="22">
               <club>Racing Club de Lens</club>
               <score>0 0</score>
            </rencotre>
         </domicile>
      </recontres>
   </club>
   <club id="SCB">
      <nom>Sporting Club de Bastia</nom>
      <ville>Bastia</ville>
      <recontres>
         <domicile>
            <rencotre num="1">
               <club>Olympique de Marseille</club>
               <score>3 3</score>
            </rencotre>
            <rencotre num="3">
               <club>Toulouse Football Club</club>
               <score>1 0</score>
            </rencotre>
            <rencotre num="5">
               <club>Racing Club de Lens</club>
               <score>1 1</score>
            </rencotre>
            <rencotre num="7">
               <club>Football Club de Nantes</club>
               <score>0 0</score>
            </rencotre>
            <rencotre num="9">
               <club>Football Club Lorient</club>
               <score>0 2</score>
            </rencotre>
            <rencotre num="11">
               <club>Association sportive Monaco Football Club</club>
               <score>1 3</score>
            </rencotre>
            <rencotre num="13">
               <club>Montpellier Herault Sport Club</club>
               <score>2 0</score>
            </rencotre>
            <rencotre num="14">
               <club>Olympique Lyonnais</club>
               <score>0 0</score>
            </rencotre>
            <rencotre num="16">
               <club>Evian Thonon Gaillard Football Club</club>
               <score>1 2</score>
            </rencotre>
            <rencotre num="18">
               <club>Stade Rennais Football Club</club>
               <score>2 0</score>
            </rencotre>
            <rencotre num="20">
               <club>Paris Saint-Germain Football Club</club>
               <score>4 2</score>
            </rencotre>
            <rencotre num="22">
               <club>Girondins de Bordeaux</club>
               <score>0 0</score>
            </rencotre>
         </domicile>
      </recontres>
   </club>
   <club id="ETGFC">
      <nom>Evian Thonon Gaillard Football Club</nom>
      <ville>Evian</ville>
      <recontres>
         <domicile>
            <rencotre num="1">
               <club>Stade Malherbe Caen</club>
               <score>0 3</score>
            </rencotre>
            <rencotre num="3">
               <club>Paris Saint-Germain Football Club</club>
               <score>0 0</score>
            </rencotre>
            <rencotre num="5">
               <club>Olympique de Marseille</club>
               <score>1 3</score>
            </rencotre>
            <rencotre num="7">
               <club>Racing Club de Lens</club>
               <score>2 1</score>
            </rencotre>
            <rencotre num="9">
               <club>Football Club de Metz</club>
               <score>3 0</score>
            </rencotre>
            <rencotre num="11">
               <club>Football Club de Nantes</club>
               <score>0 2</score>
            </rencotre>
            <rencotre num="13">
               <club>Olympique Gymnaste Club Nice Cote d'Azur</club>
               <score>1 0</score>
            </rencotre>
            <rencotre num="15">
               <club>En Avant de Guingamp</club>
               <score>2 0</score>
            </rencotre>
            <rencotre num="17">
               <club>Olympique Lyonnais</club>
               <score>2 3</score>
            </rencotre>
            <rencotre num="20">
               <club>Stade Rennais Football Club</club>
               <score>1 1</score>
            </rencotre>
            <rencotre num="22">
               <club>Toulouse Football Club</club>
               <score>1 0</score>
            </rencotre>
         </domicile>
      </recontres>
   </club>
   <club id="EAG">
      <nom>En Avant de Guingamp</nom>
      <ville>Guingamp</ville>
      <recontres>
         <domicile>
            <rencotre num="1">
               <club>Association Sportive de Saint-Etienne</club>
               <score>0 2</score>
            </rencotre>
            <rencotre num="3">
               <club>Olympique de Marseille</club>
               <score>0 1</score>
            </rencotre>
            <rencotre num="5">
               <club>Girondins de Bordeaux</club>
               <score>2 1</score>
            </rencotre>
            <rencotre num="7">
               <club>Football Club de Metz</club>
               <score>0 1</score>
            </rencotre>
            <rencotre num="9">
               <club>Football Club de Nantes</club>
               <score>0 1</score>
            </rencotre>
            <rencotre num="11">
               <club>Olympique Gymnaste Club Nice Cote d'Azur</club>
               <score>2 7</score>
            </rencotre>
            <rencotre num="12">
               <club>Sporting Club de Bastia</club>
               <score>1 0</score>
            </rencotre>
            <rencotre num="14">
               <club>Stade Rennais Football Club</club>
               <score>0 1</score>
            </rencotre>
            <rencotre num="16">
               <club>Stade Malherbe Caen</club>
               <score>5 1</score>
            </rencotre>
            <rencotre num="18">
               <club>Paris Saint-Germain Football Club</club>
               <score>1 0</score>
            </rencotre>
            <rencotre num="20">
               <club>Racing Club de Lens</club>
               <score>2 0</score>
            </rencotre>
            <rencotre num="22">
               <club>Football Club Lorient</club>
               <score>3 2</score>
            </rencotre>
         </domicile>
      </recontres>
   </club>
   <club id="TFC">
      <nom>Toulouse Football Club</nom>
      <ville>Toulouse</ville>
      <recontres>
         <domicile>
            <rencotre num="2">
               <club>Olympique Lyonnais</club>
               <score>2 1</score>
            </rencotre>
            <rencotre num="4">
               <club>Evian Thonon Gaillard Football Club</club>
               <score>1 0</score>
            </rencotre>
            <rencotre num="6">
               <club>Stade Malherbe Caen</club>
               <score>3 3</score>
            </rencotre>
            <rencotre num="8">
               <club>Paris Saint-Germain Football Club</club>
               <score>1 1</score>
            </rencotre>
            <rencotre num="11">
               <club>Racing Club de Lens</club>
               <score>0 2</score>
            </rencotre>
            <rencotre num="13">
               <club>Football Club de Metz</club>
               <score>3 0</score>
            </rencotre>
            <rencotre num="15">
               <club>Football Club Lorient</club>
               <score>2 3</score>
            </rencotre>
            <rencotre num="17">
               <club>Association sportive Monaco Football Club</club>
               <score>0 2</score>
            </rencotre>
            <rencotre num="19">
               <club>En Avant de Guingamp</club>
               <score>1 1</score>
            </rencotre>
            <rencotre num="21">
               <club>Sporting Club de Bastia</club>
               <score>1 1</score>
            </rencotre>
            <rencotre num="23">
               <club>Stade de Reims</club>
               <score>1 0</score>
            </rencotre>
         </domicile>
      </recontres>
   </club>
   <club id="FCN">
      <nom>Football Club de Nantes</nom>
      <ville>Nantes</ville>
      <recontres>
         <domicile>
            <rencotre num="1">
               <club>Racing Club de Lens</club>
               <score>1 0</score>
            </rencotre>
            <rencotre num="3">
               <club>Association sportive Monaco Football Club</club>
               <score>0 1</score>
            </rencotre>
            <rencotre num="4">
               <club>Montpellier Herault Sport Club</club>
               <score>1 0</score>
            </rencotre>
            <rencotre num="6">
               <club>Olympique Gymnaste Club Nice Cote d'Azur</club>
               <score>2 1</score>
            </rencotre>
            <rencotre num="8">
               <club>Olympique Lyonnais</club>
               <score>1 1</score>
            </rencotre>
            <rencotre num="10">
               <club>Stade de Reims</club>
               <score>1 1</score>
            </rencotre>
            <rencotre num="12">
               <club>Stade Rennais Football Club</club>
               <score>1 1</score>
            </rencotre>
            <rencotre num="14">
               <club>Association Sportive de Saint-Etienne</club>
               <score>0 0</score>
            </rencotre>
            <rencotre num="16">
               <club>Toulouse Football Club</club>
               <score>1 2</score>
            </rencotre>
            <rencotre num="18">
               <club>Girondins de Bordeaux</club>
               <score>2 1</score>
            </rencotre>
            <rencotre num="20">
               <club>Football Club de Metz</club>
               <score>0 0</score>
            </rencotre>
            <rencotre num="23">
               <club>Lille Olympique Sporting Club Lille Metropole</club>
               <score>1 1</score>
            </rencotre>
         </domicile>
      </recontres>
   </club>
   <club id="SMC">
      <nom>Stade Malherbe Caen</nom>
      <ville>Caen</ville>
      <recontres>
         <domicile>
            <rencotre num="2">
               <club>Lille Olympique Sporting Club Lille Metropole</club>
               <score>0 1</score>
            </rencotre>
            <rencotre num="4">
               <club>Stade Rennais Football Club</club>
               <score>0 1</score>
            </rencotre>
            <rencotre num="7">
               <club>Paris Saint-Germain Football Club</club>
               <score>0 2</score>
            </rencotre>
            <rencotre num="9">
               <club>Olympique de Marseille</club>
               <score>1 2</score>
            </rencotre>
            <rencotre num="11">
               <club>Football Club Lorient</club>
               <score>2 1</score>
            </rencotre>
            <rencotre num="13">
               <club>Football Club de Nantes</club>
               <score>1 2</score>
            </rencotre>
            <rencotre num="15">
               <club>Montpellier Herault Sport Club</club>
               <score>1 1</score>
            </rencotre>
            <rencotre num="17">
               <club>Olympique Gymnaste Club Nice Cote d'Azur</club>
               <score>2 3</score>
            </rencotre>
            <rencotre num="19">
               <club>Sporting Club de Bastia</club>
               <score>1 1</score>
            </rencotre>
            <rencotre num="21">
               <club>Stade de Reims</club>
               <score>4 1</score>
            </rencotre>
            <rencotre num="23">
               <club>Association Sportive de Saint-Etienne</club>
               <score>1 0</score>
            </rencotre>
         </domicile>
      </recontres>
   </club>
   <club id="RCL">
      <nom>Racing Club de Lens</nom>
      <ville>Lens</ville>
      <recontres>
         <domicile>
            <rencotre num="2">
               <club>En Avant de Guingamp</club>
               <score>0 1</score>
            </rencotre>
            <rencotre num="4">
               <club>Stade de Reims</club>
               <score>4 2</score>
            </rencotre>
            <rencotre num="6">
               <club>Association Sportive de Saint-Etienne</club>
               <score>0 1</score>
            </rencotre>
            <rencotre num="8">
               <club>Stade Malherbe Caen</club>
               <score>0 0</score>
            </rencotre>
            <rencotre num="10">
               <club>Paris Saint-Germain Football Club</club>
               <score>1 3</score>
            </rencotre>
            <rencotre num="13">
               <club>Girondins de Bordeaux</club>
               <score>1 2</score>
            </rencotre>
            <rencotre num="15">
               <club>Football Club de Metz</club>
               <score>2 0</score>
            </rencotre>
            <rencotre num="17">
               <club>Lille Olympique Sporting Club Lille Metropole</club>
               <score>1 1</score>
            </rencotre>
            <rencotre num="19">
               <club>Olympique Gymnaste Club Nice Cote d'Azur</club>
               <score>2 0</score>
            </rencotre>
            <rencotre num="21">
               <club>Olympique Lyonnais</club>
               <score>0 2</score>
            </rencotre>
            <rencotre num="23">
               <club>Sporting Club de Bastia</club>
               <score>1 1</score>
            </rencotre>
         </domicile>
      </recontres>
   </club>
   <club id="FCM">
      <nom>Football Club de Metz</nom>
      <ville>Metz</ville>
      <recontres>
         <domicile>
            <rencotre num="2">
               <club>Football Club de Nantes</club>
               <score>1 1</score>
            </rencotre>
            <rencotre num="4">
               <club>Olympique Lyonnais</club>
               <score>2 1</score>
            </rencotre>
            <rencotre num="6">
               <club>Sporting Club de Bastia</club>
               <score>3 1</score>
            </rencotre>
            <rencotre num="8">
               <club>Stade de Reims</club>
               <score>3 0</score>
            </rencotre>
            <rencotre num="10">
               <club>Stade Rennais Football Club</club>
               <score>0 0</score>
            </rencotre>
            <rencotre num="12">
               <club>Stade Malherbe Caen</club>
               <score>3 2</score>
            </rencotre>
            <rencotre num="14">
               <club>Paris Saint-Germain Football Club</club>
               <score>2 3</score>
            </rencotre>
            <rencotre num="16">
               <club>Girondins de Bordeaux</club>
               <score>0 0</score>
            </rencotre>
            <rencotre num="19">
               <club>Association sportive Monaco Football Club</club>
               <score>0 1</score>
            </rencotre>
            <rencotre num="21">
               <club>Montpellier Herault Sport Club</club>
               <score>2 3</score>
            </rencotre>
            <rencotre num="23">
               <club>Olympique Gymnaste Club Nice Cote d'Azur</club>
               <score>0 0</score>
            </rencotre>
         </domicile>
      </recontres>
   </club>
</clubs>