<?xml version="1.0" encoding="UTF-8"?>
<project-private xmlns="http://www.netbeans.org/ns/project-private/1">
    <editor-bookmarks xmlns="http://www.netbeans.org/ns/editor-bookmarks/2" lastBookmarkId="0"/>
    <open-files xmlns="http://www.netbeans.org/ns/projectui-open-files/2">
        <group>
            <file>file:/D:/m1-s2/LABD/tp1/java/tp1_car/src/server/FtpRequest.java</file>
            <file>file:/D:/m1-s2/LABD/tp1/java/tp1_car/src/server/server.java</file>
            <file>file:/D:/m1-s2/LABD/tp1/java/tp1_car/src/Command/Commandes.java</file>
        </group>
    </open-files>
</project-private>
